5 secs,RELIANCE,1624353120,2245.0,2245.0,2244.9,2245.0,34,2245.0,4
5 secs,RELIANCE,1624353125,2245.0,2245.0,2242.55,2242.55,178,2243.15,4
5 secs,RELIANCE,1624353130,2242.75,2243.0,2242.75,2243.0,284,2242.9,5
5 secs,RELIANCE,1624353135,2243.0,2243.0,2243.0,2243.0,81,2243.0,4
5 secs,RELIANCE,1624353140,2242.75,2244.95,2242.75,2244.95,42,2244.1,4
5 secs,RELIANCE,1624353145,2244.5,2244.95,2244.5,2244.95,21,2244.75,3
5 secs,RELIANCE,1624353150,2244.95,2244.95,2244.45,2244.45,198,2244.45,4
5 secs,RELIANCE,1624353155,2244.5,2244.95,2244.5,2244.55,125,2244.7,4
5 secs,RELIANCE,1624353160,2244.6,2244.6,2244.55,2244.55,16,2244.6,5
5 secs,RELIANCE,1624353165,2245.0,2245.0,2244.5,2245.0,12,2244.9,3
5 secs,RELIANCE,1624353170,2244.75,2244.75,2244.55,2244.6,27,2244.6,4
5 secs,RELIANCE,1624353175,2244.95,2245.4,2244.45,2244.45,71,2244.85,4
5 secs,RELIANCE,1624353180,2244.9,2244.9,2244.45,2244.9,352,2244.5,4
5 secs,RELIANCE,1624353185,2244.75,2244.75,2244.65,2244.75,34,2244.7,3
5 secs,RELIANCE,1624353190,2244.75,2244.75,2244.75,2244.75,15,2244.75,4
5 secs,RELIANCE,1624353195,2245.0,2245.4,2245.0,2245.4,21,2245.1,5
5 secs,RELIANCE,1624353200,2245.4,2245.4,2244.8,2245.2,71,2245.3,4
5 secs,RELIANCE,1624353205,2245.1,2245.4,2245.1,2245.4,4,2245.35,4
5 secs,RELIANCE,1624353210,2245.4,2245.4,2245.4,2245.4,4,2245.4,4
5 secs,RELIANCE,1624353215,2245.4,2245.4,2245.2,2245.3,60,2245.3,5
5 secs,RELIANCE,1624353220,2245.2,2245.35,2245.2,2245.35,44,2245.2,5
5 secs,RELIANCE,1624353225,2245.2,2245.35,2245.2,2245.2,454,2245.2,5
5 secs,RELIANCE,1624353230,2245.2,2245.4,2245.2,2245.4,7,2245.35,3
5 secs,RELIANCE,1624353235,2245.5,2245.6,2245.4,2245.4,2148,2245.5,4
5 secs,RELIANCE,1624353240,2245.4,2245.4,2244.8,2244.8,7,2245.1,4
5 secs,RELIANCE,1624353245,2244.7,2245.0,2244.65,2244.8,202,2244.8,4
5 secs,RELIANCE,1624353250,2244.8,2244.8,2244.7,2244.7,24,2244.8,4
5 secs,RELIANCE,1624353255,2244.7,2244.7,2244.6,2244.6,134,2244.7,4
5 secs,RELIANCE,1624353260,2244.3,2244.8,2244.15,2244.7,50,2244.25,6
5 secs,RELIANCE,1624353265,2244.15,2244.65,2244.05,2244.05,144,2244.1,5
5 secs,RELIANCE,1624353270,2244.55,2244.55,2243.8,2244.0,12,2244.2,5
5 secs,RELIANCE,1624353275,2244.0,2244.0,2243.55,2243.9,408,2243.9,4
5 secs,RELIANCE,1624353280,2243.9,2243.9,2243.6,2243.6,67,2243.75,3
5 secs,RELIANCE,1624353285,2243.6,2243.6,2243.1,2243.6,272,2243.15,5
5 secs,RELIANCE,1624353290,2243.6,2243.6,2243.15,2243.15,37,2243.35,3
5 secs,RELIANCE,1624353295,2243.15,2243.6,2243.1,2243.1,32,2243.15,5
5 secs,RELIANCE,1624353300,2243.2,2244.0,2243.2,2244.0,180,2243.75,4
5 secs,RELIANCE,1624353305,2243.1,2243.8,2243.1,2243.8,23,2243.75,4
5 secs,RELIANCE,1624353310,2243.1,2243.8,2243.1,2243.8,17,2243.25,3
5 secs,RELIANCE,1624353315,2243.8,2243.8,2243.2,2243.8,67,2243.65,3
5 secs,RELIANCE,1624353320,2243.8,2243.8,2243.2,2243.2,74,2243.2,4
5 secs,RELIANCE,1624353325,2243.05,2244.0,2243.05,2243.1,91,2243.6,4
5 secs,RELIANCE,1624353330,2243.95,2243.95,2243.15,2243.95,106,2243.5,3
5 secs,RELIANCE,1624353335,2243.95,2243.95,2243.45,2243.45,18,2243.6,4
5 secs,RELIANCE,1624353340,2243.5,2243.9,2243.5,2243.9,181,2243.8,3
5 secs,RELIANCE,1624353345,2243.85,2243.85,2243.45,2243.45,111,2243.8,3
5 secs,RELIANCE,1624353350,2244.0,2244.0,2243.3,2244.0,133,2243.4,5
5 secs,RELIANCE,1624353355,2243.4,2244.0,2243.4,2244.0,65,2243.95,4
5 secs,RELIANCE,1624353360,2243.4,2243.95,2243.4,2243.4,43,2243.6,5
5 secs,RELIANCE,1624353365,2244.0,2244.85,2244.0,2244.85,83,2244.1,4
5 secs,RELIANCE,1624353370,2244.8,2244.85,2244.1,2244.25,64,2244.6,5
5 secs,RELIANCE,1624353375,2244.15,2244.85,2244.15,2244.85,84,2244.45,4
5 secs,RELIANCE,1624353380,2245.0,2245.0,2244.15,2244.95,39,2244.9,5
5 secs,RELIANCE,1624353385,2245.0,2245.0,2244.15,2244.6,111,2244.95,3
5 secs,RELIANCE,1624353390,2244.6,2244.95,2244.5,2244.5,528,2244.5,6
5 secs,RELIANCE,1624353395,2244.5,2244.5,2244.5,2244.5,31,2244.5,3
5 secs,RELIANCE,1624353400,2244.5,2244.7,2244.5,2244.5,57,2244.55,4
5 secs,RELIANCE,1624353405,2244.5,2244.55,2244.15,2244.15,421,2244.45,5
5 secs,RELIANCE,1624353410,2244.3,2244.35,2243.9,2244.35,12,2243.95,4
5 secs,RELIANCE,1624353415,2244.35,2244.35,2243.45,2243.45,16,2243.85,4
5 secs,RELIANCE,1624353420,2244.35,2244.35,2243.35,2244.0,136,2243.8,4
5 secs,RELIANCE,1624353425,2243.45,2243.5,2243.45,2243.45,4,2243.45,3
5 secs,RELIANCE,1624353430,2243.5,2243.75,2243.5,2243.75,132,2243.55,4
5 secs,RELIANCE,1624353435,2243.1,2243.75,2243.0,2243.5,188,2243.05,6
5 secs,RELIANCE,1624353440,2243.45,2243.45,2243.1,2243.1,26,2243.15,4
5 secs,RELIANCE,1624353445,2243.5,2243.5,2243.3,2243.45,69,2243.4,5
5 secs,RELIANCE,1624353450,2243.45,2243.45,2243.1,2243.1,43,2243.4,4
5 secs,RELIANCE,1624353455,2243.1,2243.2,2243.0,2243.0,137,2243.0,4
5 secs,RELIANCE,1624353460,2243.2,2243.2,2243.2,2243.2,35,2243.2,3
5 secs,RELIANCE,1624353465,2243.05,2243.1,2243.05,2243.1,3,2243.1,3
5 secs,RELIANCE,1624353470,2242.8,2243.0,2242.7,2243.0,38,2242.75,5
5 secs,RELIANCE,1624353475,2242.85,2242.9,2242.55,2242.9,49,2242.6,3
5 secs,RELIANCE,1624353480,2242.9,2242.9,2242.5,2242.5,96,2242.6,5
5 secs,RELIANCE,1624353485,2242.55,2242.55,2242.5,2242.5,42,2242.5,3
5 secs,RELIANCE,1624353490,2242.5,2242.55,2242.1,2242.1,50,2242.5,5
5 secs,RELIANCE,1624353495,2242.55,2242.55,2242.2,2242.2,15,2242.3,4
5 secs,RELIANCE,1624353500,2242.2,2243.0,2242.2,2242.9,82,2242.6,5
5 secs,RELIANCE,1624353505,2242.5,2242.75,2242.5,2242.55,85,2242.55,4
5 secs,RELIANCE,1624353510,2242.85,2242.85,2242.5,2242.5,41,2242.5,3
5 secs,RELIANCE,1624353515,2242.5,2242.5,2242.5,2242.5,277,2242.5,3
5 secs,RELIANCE,1624353520,2242.1,2242.55,2242.1,2242.55,96,2242.5,5
5 secs,RELIANCE,1624353525,2242.0,2242.55,2242.0,2242.0,105,2242.0,6
5 secs,RELIANCE,1624353530,2242.1,2242.1,2241.6,2242.1,20,2241.75,4
5 secs,RELIANCE,1624353535,2242.1,2242.1,2242.1,2242.1,46,2242.1,3
5 secs,RELIANCE,1624353540,2242.0,2242.1,2241.55,2241.55,332,2241.9,4
5 secs,RELIANCE,1624353545,2241.75,2241.75,2241.55,2241.65,76,2241.55,5
5 secs,RELIANCE,1624353550,2241.55,2241.7,2241.55,2241.7,331,2241.6,4
5 secs,RELIANCE,1624353555,2241.6,2241.7,2241.55,2241.55,266,2241.55,5
5 secs,RELIANCE,1624353560,2241.75,2241.75,2241.55,2241.55,120,2241.6,4
5 secs,RELIANCE,1624353565,2241.55,2241.55,2241.55,2241.55,201,2241.55,2
5 secs,RELIANCE,1624353570,2241.75,2241.75,2241.5,2241.75,63,2241.55,4
5 secs,RELIANCE,1624353575,2241.5,2241.55,2241.5,2241.5,98,2241.5,4
5 secs,RELIANCE,1624353580,2241.5,2241.65,2241.5,2241.65,105,2241.55,5
5 secs,RELIANCE,1624353585,2241.5,2241.55,2241.5,2241.5,88,2241.5,6
5 secs,RELIANCE,1624353590,2241.55,2241.65,2241.5,2241.55,280,2241.6,4
5 secs,RELIANCE,1624353595,2241.55,2241.55,2241.5,2241.5,106,2241.5,4
5 secs,RELIANCE,1624353600,2241.55,2241.55,2241.5,2241.55,201,2241.5,5
5 secs,RELIANCE,1624353605,2241.5,2241.55,2241.5,2241.5,187,2241.5,4
5 secs,RELIANCE,1624353610,2241.4,2241.4,2240.6,2240.65,69,2240.65,5
5 secs,RELIANCE,1624353615,2240.15,2240.7,2240.15,2240.7,131,2240.65,4
5 secs,RELIANCE,1624353620,2241.05,2241.5,2240.85,2240.85,111,2241.05,4
5 secs,RELIANCE,1624353625,2241.5,2241.5,2240.9,2240.9,54,2241.15,4
5 secs,RELIANCE,1624353630,2241.2,2241.35,2241.0,2241.35,119,2241.15,5
5 secs,RELIANCE,1624353635,2241.5,2241.5,2241.05,2241.05,771,2241.1,4
5 secs,RELIANCE,1624353640,2241.05,2241.05,2241.0,2241.0,266,2241.0,5
5 secs,RELIANCE,1624353645,2241.05,2241.05,2240.55,2240.55,236,2240.6,5
5 secs,RELIANCE,1624353650,2240.5,2240.55,2240.5,2240.5,275,2240.5,5
5 secs,RELIANCE,1624353655,2240.5,2240.6,2240.5,2240.55,58,2240.6,4
5 secs,RELIANCE,1624353660,2240.55,2240.55,2240.45,2240.45,227,2240.55,3
5 secs,RELIANCE,1624353665,2240.3,2240.55,2240.0,2240.0,187,2240.35,5
5 secs,RELIANCE,1624353670,2240.2,2241.0,2240.2,2240.55,77,2240.65,3
5 secs,RELIANCE,1624353675,2240.6,2241.0,2240.5,2240.5,361,2240.7,4
5 secs,RELIANCE,1624353680,2240.9,2241.5,2240.6,2241.15,122,2241.25,5
5 secs,RELIANCE,1624353685,2241.2,2241.85,2241.2,2241.85,102,2241.7,5
5 secs,RELIANCE,1624353690,2241.5,2241.85,2241.3,2241.85,185,2241.45,4
5 secs,RELIANCE,1624353695,2241.85,2241.95,2241.35,2241.95,424,2241.9,4
5 secs,RELIANCE,1624353700,2241.95,2241.95,2241.6,2241.6,49,2241.7,4
5 secs,RELIANCE,1624353705,2241.55,2241.95,2241.55,2241.7,175,2241.75,4
5 secs,RELIANCE,1624353710,2241.7,2241.7,2241.5,2241.7,42,2241.6,5
5 secs,RELIANCE,1624353715,2241.5,2241.5,2241.35,2241.45,88,2241.45,4
5 secs,RELIANCE,1624353720,2241.35,2241.35,2241.1,2241.1,156,2241.1,3
5 secs,RELIANCE,1624353725,2241.1,2241.1,2241.0,2241.0,31,2241.1,5
5 secs,RELIANCE,1624353730,2241.05,2241.05,2241.0,2241.0,109,2241.0,4
5 secs,RELIANCE,1624353735,2241.0,2241.0,2240.9,2241.0,528,2240.9,4
5 secs,RELIANCE,1624353740,2240.9,2240.9,2240.1,2240.75,172,2240.4,5
5 secs,RELIANCE,1624353745,2240.1,2240.8,2240.1,2240.1,235,2240.55,4
5 secs,RELIANCE,1624353750,2240.7,2240.7,2240.0,2240.35,111,2240.1,5
5 secs,RELIANCE,1624353755,2240.35,2240.35,2240.05,2240.15,214,2240.15,4
5 secs,RELIANCE,1624353760,2240.15,2240.2,2240.0,2240.0,140,2240.05,4
5 secs,RELIANCE,1624353765,2239.75,2240.0,2239.75,2240.0,94,2239.8,5
5 secs,RELIANCE,1624353770,2239.7,2239.7,2239.3,2239.3,82,2239.3,5
5 secs,RELIANCE,1624353775,2239.3,2239.5,2239.2,2239.5,42,2239.4,5
5 secs,RELIANCE,1624353780,2239.6,2239.65,2239.0,2239.0,40,2239.15,5
5 secs,RELIANCE,1624353785,2239.65,2239.75,2238.55,2238.7,293,2238.75,5
5 secs,RELIANCE,1624353790,2238.7,2238.7,2236.35,2236.35,50,2237.6,4
5 secs,RELIANCE,1624353795,2235.35,2236.4,2235.3,2236.25,60,2235.85,6
5 secs,RELIANCE,1624353800,2236.15,2236.4,2236.15,2236.25,482,2236.2,5
5 secs,RELIANCE,1624353805,2237.0,2237.0,2235.5,2235.5,321,2236.0,5
5 secs,RELIANCE,1624353810,2236.4,2236.8,2234.25,2235.0,252,2235.85,4
5 secs,RELIANCE,1624353815,2235.2,2235.2,2234.45,2234.45,191,2234.8,6
5 secs,RELIANCE,1624353820,2235.0,2235.75,2235.0,2235.0,44,2235.05,5
5 secs,RELIANCE,1624353825,2235.0,2235.6,2235.0,2235.55,81,2235.35,5
5 secs,RELIANCE,1624353830,2235.6,2235.6,2234.5,2234.5,67,2235.1,5
5 secs,RELIANCE,1624353835,2234.55,2235.0,2234.55,2235.0,97,2234.7,4
5 secs,RELIANCE,1624353840,2234.75,2235.7,2234.75,2235.7,102,2234.9,5
5 secs,RELIANCE,1624353845,2234.95,2236.25,2234.95,2236.25,244,2235.65,5
5 secs,RELIANCE,1624353850,2236.25,2236.4,2235.35,2236.4,110,2235.4,5
5 secs,RELIANCE,1624353855,2235.85,2236.0,2235.7,2235.85,49,2235.8,5
5 secs,RELIANCE,1624353860,2235.9,2236.35,2235.05,2235.95,73,2236.3,4
5 secs,RELIANCE,1624353865,2235.65,2235.9,2235.65,2235.85,59,2235.75,5
5 secs,RELIANCE,1624353870,2235.85,2236.15,2235.25,2236.15,42,2235.9,4
5 secs,RELIANCE,1624353875,2236.05,2237.0,2236.05,2236.1,314,2236.9,4
5 secs,RELIANCE,1624353880,2237.0,2237.0,2236.0,2236.25,199,2236.3,6
5 secs,RELIANCE,1624353885,2236.1,2237.0,2236.1,2237.0,35,2236.4,5
5 secs,RELIANCE,1624353890,2236.1,2237.0,2236.1,2237.0,12,2236.35,4
5 secs,RELIANCE,1624353895,2237.0,2237.35,2236.3,2237.0,69,2236.8,5
5 secs,RELIANCE,1624353900,2236.6,2237.0,2236.5,2237.0,249,2236.55,4
5 secs,RELIANCE,1624353905,2237.0,2237.5,2237.0,2237.45,82,2237.3,6
5 secs,RELIANCE,1624353910,2237.5,2237.75,2236.75,2237.75,54,2237.6,4
5 secs,RELIANCE,1624353915,2237.5,2237.75,2237.45,2237.75,200,2237.75,4
5 secs,RELIANCE,1624353920,2237.8,2238.75,2237.75,2238.75,186,2238.5,5
5 secs,RELIANCE,1624353925,2238.0,2238.65,2237.65,2238.65,269,2238.0,5
5 secs,RELIANCE,1624353930,2237.65,2238.45,2237.65,2238.2,21,2238.0,5
5 secs,RELIANCE,1624353935,2238.4,2238.4,2238.0,2238.2,183,2238.2,5
5 secs,RELIANCE,1624353940,2238.2,2238.2,2238.2,2238.2,81,2238.2,4
5 secs,RELIANCE,1624353945,2238.2,2238.4,2238.0,2238.4,43,2238.2,5
5 secs,RELIANCE,1624353950,2238.2,2238.25,2238.2,2238.25,170,2238.25,4
5 secs,RELIANCE,1624353955,2238.3,2238.3,2237.8,2238.25,69,2238.15,5
5 secs,RELIANCE,1624353960,2238.25,2238.25,2237.0,2237.0,151,2237.5,5
5 secs,RELIANCE,1624353965,2237.0,2237.7,2237.0,2237.65,61,2237.6,5
5 secs,RELIANCE,1624353970,2237.7,2238.25,2237.35,2238.0,52,2238.1,4
5 secs,RELIANCE,1624353975,2237.5,2238.45,2237.2,2238.0,112,2237.55,5
5 secs,RELIANCE,1624353980,2238.0,2238.0,2237.15,2238.0,157,2237.5,4
5 secs,RELIANCE,1624353985,2237.9,2237.9,2237.05,2237.7,35,2237.25,4
5 secs,RELIANCE,1624353990,2237.7,2237.7,2237.0,2237.0,60,2237.6,4
5 secs,RELIANCE,1624353995,2237.65,2237.65,2237.0,2237.0,78,2237.15,5
5 secs,RELIANCE,1624354000,2237.4,2237.4,2237.1,2237.25,22,2237.25,4
5 secs,RELIANCE,1624354005,2237.0,2237.25,2237.0,2237.25,20,2237.2,4
5 secs,RELIANCE,1624354010,2237.25,2237.25,2237.0,2237.1,18,2237.0,4
5 secs,RELIANCE,1624354015,2237.1,2237.1,2236.1,2236.65,92,2236.2,5
5 secs,RELIANCE,1624354020,2236.7,2236.8,2236.7,2236.7,118,2236.7,5
5 secs,RELIANCE,1624354025,2236.9,2236.9,2236.6,2236.6,258,2236.7,4
5 secs,RELIANCE,1624354030,2236.1,2236.65,2236.1,2236.65,68,2236.35,4
5 secs,RELIANCE,1624354035,2236.0,2236.6,2236.0,2236.6,117,2236.15,4
5 secs,RELIANCE,1624354040,2236.6,2236.6,2236.4,2236.45,2579,2236.4,5
5 secs,RELIANCE,1624354045,2236.1,2236.5,2236.1,2236.5,125,2236.25,5
5 secs,RELIANCE,1624354050,2236.5,2236.5,2236.05,2236.5,87,2236.4,4
5 secs,RELIANCE,1624354055,2236.45,2236.5,2236.45,2236.5,22,2236.5,4
5 secs,RELIANCE,1624354060,2236.5,2236.5,2236.5,2236.5,239,2236.5,5
5 secs,RELIANCE,1624354065,2236.35,2236.5,2236.05,2236.05,169,2236.15,4
5 secs,RELIANCE,1624354070,2236.5,2236.6,2236.5,2236.6,40,2236.55,3
5 secs,RELIANCE,1624354075,2236.5,2237.1,2236.3,2237.1,74,2236.7,5
5 secs,RELIANCE,1624354080,2237.1,2237.1,2237.0,2237.0,20,2237.05,4
5 secs,RELIANCE,1624354085,2236.7,2236.7,2236.55,2236.55,112,2236.65,4
5 secs,RELIANCE,1624354090,2236.65,2237.4,2236.65,2237.0,47,2237.2,3
5 secs,RELIANCE,1624354095,2237.0,2237.15,2236.7,2237.1,243,2237.0,4
5 secs,RELIANCE,1624354100,2237.0,2237.0,2236.5,2236.95,43,2236.95,4
5 secs,RELIANCE,1624354105,2236.5,2236.6,2236.4,2236.6,71,2236.55,4
5 secs,RELIANCE,1624354110,2236.65,2236.7,2236.45,2236.45,65,2236.6,3
5 secs,RELIANCE,1624354115,2236.4,2236.7,2236.4,2236.7,104,2236.6,5
5 secs,RELIANCE,1624354120,2236.75,2237.05,2236.7,2236.85,15,2236.8,5
5 secs,RELIANCE,1624354125,2236.85,2236.85,2236.85,2236.85,43,2236.85,2
5 secs,RELIANCE,1624354130,2236.5,2236.5,2236.4,2236.5,42,2236.45,4
5 secs,RELIANCE,1624354135,2236.4,2236.5,2236.0,2236.0,930,2236.15,4
5 secs,RELIANCE,1624354140,2236.0,2236.35,2236.0,2236.25,91,2236.25,5
5 secs,RELIANCE,1624354145,2236.0,2236.35,2236.0,2236.0,70,2236.15,4
5 secs,RELIANCE,1624354150,2236.0,2236.35,2236.0,2236.35,134,2236.25,4
5 secs,RELIANCE,1624354155,2236.35,2236.45,2236.35,2236.45,23,2236.4,4
5 secs,RELIANCE,1624354160,2236.45,2236.45,2236.0,2236.0,147,2236.15,5
5 secs,RELIANCE,1624354165,2236.4,2236.4,2236.0,2236.25,114,2236.15,6
5 secs,RELIANCE,1624354170,2236.3,2236.3,2235.5,2235.5,159,2236.0,4
5 secs,RELIANCE,1624354175,2235.1,2235.5,2235.0,2235.0,42,2235.1,4
5 secs,RELIANCE,1624354180,2236.3,2236.3,2235.0,2235.55,16,2236.05,4
5 secs,RELIANCE,1624354185,2235.0,2235.1,2235.0,2235.0,189,2235.0,5
5 secs,RELIANCE,1624354190,2235.0,2235.5,2235.0,2235.5,156,2235.0,3
5 secs,RELIANCE,1624354195,2235.45,2235.55,2235.05,2235.1,39,2235.15,6
5 secs,RELIANCE,1624354200,2235.45,2235.45,2235.1,2235.1,33,2235.3,4
5 secs,RELIANCE,1624354205,2235.4,2235.4,2235.1,2235.1,38,2235.35,4
5 secs,RELIANCE,1624354210,2235.4,2235.4,2235.3,2235.3,52,2235.3,4
5 secs,RELIANCE,1624354215,2235.25,2235.25,2234.2,2234.2,234,2234.85,5
5 secs,RELIANCE,1624354220,2233.6,2233.7,2233.6,2233.65,48,2233.65,4
5 secs,RELIANCE,1624354225,2233.6,2233.6,2233.4,2233.6,137,2233.55,5
5 secs,RELIANCE,1624354230,2233.3,2233.45,2232.7,2232.7,39,2233.0,4
5 secs,RELIANCE,1624354235,2232.75,2232.75,2231.7,2232.0,56,2232.25,5
5 secs,RELIANCE,1624354240,2232.2,2232.3,2232.0,2232.3,157,2232.2,5
5 secs,RELIANCE,1624354245,2232.15,2232.7,2232.1,2232.7,172,2232.25,5
5 secs,RELIANCE,1624354250,2232.35,2234.7,2232.35,2233.2,154,2233.9,5
5 secs,RELIANCE,1624354255,2233.1,2233.15,2232.4,2232.85,48,2233.05,5
5 secs,RELIANCE,1624354260,2232.85,2233.0,2232.45,2233.0,494,2232.75,5
5 secs,RELIANCE,1624354265,2232.95,2233.6,2232.85,2233.6,249,2233.05,5
5 secs,RELIANCE,1624354270,2233.6,2233.75,2233.0,2233.7,112,2233.65,5
5 secs,RELIANCE,1624354275,2232.95,2232.95,2232.05,2232.05,256,2232.95,5
5 secs,RELIANCE,1624354280,2232.45,2232.45,2231.45,2232.15,50,2231.9,4
5 secs,RELIANCE,1624354285,2231.5,2231.9,2231.1,2231.65,118,2231.7,5
5 secs,RELIANCE,1624354290,2231.1,2231.1,2231.0,2231.0,28,2231.05,5
5 secs,RELIANCE,1624354295,2231.05,2231.1,2231.0,2231.1,128,2231.0,5
5 secs,RELIANCE,1624354300,2231.0,2231.05,2230.95,2230.95,58,2231.0,5
5 secs,RELIANCE,1624354305,2230.95,2230.95,2230.55,2230.55,20,2230.85,4
5 secs,RELIANCE,1624354310,2230.55,2230.6,2229.55,2229.55,55,2230.15,5
5 secs,RELIANCE,1624354315,2230.0,2230.0,2229.5,2229.9,332,2229.9,5
5 secs,RELIANCE,1624354320,2229.9,2229.9,2229.5,2229.6,14,2229.6,5
5 secs,RELIANCE,1624354325,2229.6,2229.75,2229.45,2229.45,83,2229.5,5
5 secs,RELIANCE,1624354330,2229.8,2229.8,2229.55,2229.55,73,2229.6,5
5 secs,RELIANCE,1624354335,2230.75,2232.3,2230.7,2232.3,21,2231.25,5
5 secs,RELIANCE,1624354340,2231.35,2231.7,2231.15,2231.15,170,2231.65,5
5 secs,RELIANCE,1624354345,2231.35,2231.65,2231.35,2231.6,300,2231.6,5
5 secs,RELIANCE,1624354350,2231.6,2232.0,2231.6,2231.85,251,2231.9,5
5 secs,RELIANCE,1624354355,2231.55,2231.55,2230.5,2230.5,41,2230.85,5
5 secs,RELIANCE,1624354360,2231.1,2231.15,2230.5,2231.0,108,2230.85,5
5 secs,RELIANCE,1624354365,2231.0,2231.0,2230.55,2230.55,60,2230.8,5
5 secs,RELIANCE,1624354370,2231.0,2231.05,2230.95,2230.95,102,2231.05,5
5 secs,RELIANCE,1624354375,2230.95,2230.95,2230.55,2230.9,137,2230.9,5
5 secs,RELIANCE,1624354380,2230.85,2230.9,2230.85,2230.9,19,2230.85,5
5 secs,RELIANCE,1624354385,2230.85,2230.85,2230.65,2230.8,38,2230.7,5
5 secs,RELIANCE,1624354390,2230.7,2230.7,2230.7,2230.7,200,2230.7,5
5 secs,RELIANCE,1624354395,2230.25,2230.65,2230.0,2230.0,23,2230.25,5
5 secs,RELIANCE,1624354400,2230.6,2230.6,2230.0,2230.0,123,2230.0,5
5 secs,RELIANCE,1624354405,2230.4,2230.4,2230.35,2230.35,56,2230.35,5
5 secs,RELIANCE,1624354410,2230.3,2230.3,2230.05,2230.3,26,2230.25,4
5 secs,RELIANCE,1624354415,2230.0,2230.4,2230.0,2230.25,94,2230.3,5
5 secs,RELIANCE,1624354420,2230.3,2230.65,2230.2,2230.2,154,2230.55,5
5 secs,RELIANCE,1624354425,2230.35,2231.0,2230.35,2231.0,182,2230.75,5
5 secs,RELIANCE,1624354430,2230.9,2230.9,2230.5,2230.75,51,2230.8,5
5 secs,RELIANCE,1624354435,2231.0,2231.0,2230.75,2230.95,91,2230.9,5
5 secs,RELIANCE,1624354440,2230.95,2230.95,2230.95,2230.95,31,2230.95,4
5 secs,RELIANCE,1624354445,2230.95,2231.6,2230.9,2231.6,23,2231.2,5
5 secs,RELIANCE,1624354450,2231.2,2231.55,2231.2,2231.55,85,2231.3,4
5 secs,RELIANCE,1624354455,2231.55,2231.55,2231.25,2231.5,74,2231.45,6
5 secs,RELIANCE,1624354460,2231.1,2231.2,2231.0,2231.2,112,2231.1,5
5 secs,RELIANCE,1624354465,2231.15,2231.15,2230.8,2230.8,12,2230.9,4
5 secs,RELIANCE,1624354470,2230.9,2231.15,2230.75,2231.1,31,2230.9,5
5 secs,RELIANCE,1624354475,2231.1,2231.5,2230.8,2231.2,106,2231.0,5
5 secs,RELIANCE,1624354480,2231.45,2231.5,2231.3,2231.5,93,2231.5,4
5 secs,RELIANCE,1624354485,2231.5,2231.5,2231.05,2231.4,48,2231.35,6
5 secs,RELIANCE,1624354490,2231.05,2231.45,2231.05,2231.45,1641,2231.45,4
5 secs,RELIANCE,1624354495,2231.45,2231.45,2231.1,2231.45,124,2231.4,5
5 secs,RELIANCE,1624354500,2231.45,2231.45,2231.0,2231.0,36,2231.35,5
5 secs,RELIANCE,1624354505,2231.4,2231.45,2231.2,2231.2,55,2231.3,6
5 secs,RELIANCE,1624354510,2231.45,2231.45,2231.3,2231.3,431,2231.4,5
5 secs,RELIANCE,1624354515,2231.45,2231.45,2231.4,2231.4,54,2231.4,5
5 secs,RELIANCE,1624354520,2231.4,2231.4,2231.0,2231.3,111,2231.35,5
5 secs,RELIANCE,1624354525,2231.3,2231.3,2231.2,2231.3,17,2231.25,4
5 secs,RELIANCE,1624354530,2231.3,2231.3,2230.95,2230.95,28,2231.2,5
5 secs,RELIANCE,1624354535,2231.15,2231.15,2230.2,2230.2,272,2231.0,5
5 secs,RELIANCE,1624354540,2230.75,2230.75,2230.0,2230.0,279,2230.05,4
5 secs,RELIANCE,1624354545,2230.3,2230.3,2230.0,2230.25,125,2230.15,5
5 secs,RELIANCE,1624354550,2230.25,2230.25,2229.4,2229.4,47,2229.85,5
5 secs,RELIANCE,1624354555,2230.0,2230.0,2230.0,2230.0,27,2230.0,3
5 secs,RELIANCE,1624354560,2229.45,2230.0,2229.45,2229.95,26,2229.85,5
5 secs,RELIANCE,1624354565,2229.95,2230.0,2229.45,2230.0,397,2229.8,4
5 secs,RELIANCE,1624354570,2230.1,2230.1,2229.4,2229.4,32,2229.75,4
5 secs,RELIANCE,1624354575,2229.9,2229.9,2229.45,2229.85,126,2229.7,4
5 secs,RELIANCE,1624354580,2230.0,2230.0,2229.9,2229.95,14,2230.0,5
5 secs,RELIANCE,1624354585,2230.0,2230.0,2229.35,2229.95,104,2229.8,4
5 secs,RELIANCE,1624354590,2229.95,2229.95,2229.4,2229.55,213,2229.75,6
5 secs,RELIANCE,1624354595,2229.95,2229.95,2229.5,2229.9,209,2229.85,4
5 secs,RELIANCE,1624354600,2229.8,2229.8,2229.1,2229.55,320,2229.7,6
5 secs,RELIANCE,1624354605,2229.45,2229.55,2229.1,2229.1,65,2229.45,4
5 secs,RELIANCE,1624354610,2229.05,2229.25,2229.05,2229.25,114,2229.1,4
5 secs,RELIANCE,1624354615,2229.05,2229.2,2229.05,2229.2,36,2229.15,5
5 secs,RELIANCE,1624354620,2229.05,2229.05,2229.05,2229.05,247,2229.05,4
5 secs,RELIANCE,1624354625,2229.15,2229.15,2229.05,2229.15,27,2229.1,5
5 secs,RELIANCE,1624354630,2229.1,2229.1,2229.05,2229.05,184,2229.05,5
5 secs,RELIANCE,1624354635,2229.1,2229.1,2229.05,2229.1,93,2229.1,5
5 secs,RELIANCE,1624354640,2229.05,2229.1,2229.05,2229.1,105,2229.1,4
5 secs,RELIANCE,1624354645,2229.05,2229.15,2229.05,2229.1,105,2229.15,4
5 secs,RELIANCE,1624354650,2229.1,2229.15,2229.05,2229.05,37,2229.1,5
5 secs,RELIANCE,1624354655,2229.1,2229.25,2229.1,2229.2,101,2229.15,4
5 secs,RELIANCE,1624354660,2229.25,2229.25,2229.25,2229.25,398,2229.25,4
5 secs,RELIANCE,1624354665,2229.25,2229.25,2229.1,2229.1,250,2229.1,5
5 secs,RELIANCE,1624354670,2229.15,2229.15,2226.95,2226.95,42,2227.7,4
5 secs,RELIANCE,1624354675,2226.95,2227.45,2226.7,2226.7,41,2226.95,5
5 secs,RELIANCE,1624354680,2226.6,2226.65,2226.0,2226.0,72,2226.3,5
5 secs,RELIANCE,1624354685,2225.1,2225.95,2225.1,2225.5,83,2225.45,5
5 secs,RELIANCE,1624354690,2225.1,2225.45,2225.1,2225.35,206,2225.2,5
5 secs,RELIANCE,1624354695,2225.1,2225.1,2225.0,2225.0,149,2225.05,4
5 secs,RELIANCE,1624354700,2225.0,2225.0,2224.0,2224.0,30,2224.85,4
5 secs,RELIANCE,1624354705,2223.0,2223.55,2223.0,2223.5,15,2223.35,4
5 secs,RELIANCE,1624354710,2223.45,2225.0,2223.45,2225.0,280,2224.9,5
5 secs,RELIANCE,1624354715,2224.5,2225.0,2224.15,2224.35,141,2224.3,4
5 secs,RELIANCE,1624354720,2225.0,2225.0,2224.55,2225.0,117,2224.85,5
5 secs,RELIANCE,1624354725,2224.95,2225.0,2224.55,2224.95,31,2224.9,4
5 secs,RELIANCE,1624354730,2224.55,2225.0,2224.55,2224.55,159,2224.55,5
5 secs,RELIANCE,1624354735,2226.45,2226.45,2225.8,2226.45,126,2226.35,6
5 secs,RELIANCE,1624354740,2227.6,2227.6,2227.2,2227.2,221,2227.45,4
5 secs,RELIANCE,1624354745,2227.1,2227.1,2226.45,2226.65,73,2226.6,4
5 secs,RELIANCE,1624354750,2226.6,2226.6,2226.0,2226.25,134,2226.25,3
5 secs,RELIANCE,1624354755,2227.0,2227.1,2227.0,2227.1,13,2227.0,4
5 secs,RELIANCE,1624354760,2227.1,2227.1,2225.15,2225.2,212,2225.95,6
5 secs,RELIANCE,1624354765,2225.65,2225.65,2225.55,2225.55,18,2225.65,4
5 secs,RELIANCE,1624354770,2225.55,2225.55,2224.5,2224.5,28,2225.05,4
5 secs,RELIANCE,1624354775,2225.4,2225.95,2225.25,2225.25,78,2225.45,4
5 secs,RELIANCE,1624354780,2225.15,2225.95,2225.15,2225.55,63,2225.6,5
5 secs,RELIANCE,1624354785,2225.8,2225.8,2225.55,2225.55,36,2225.55,4
5 secs,RELIANCE,1624354790,2225.8,2225.8,2224.95,2224.95,139,2225.6,5
5 secs,RELIANCE,1624354795,2225.1,2225.45,2224.6,2224.85,143,2225.25,4
5 secs,RELIANCE,1624354800,2225.3,2225.3,2224.9,2224.9,38,2224.95,5
5 secs,RELIANCE,1624354805,2224.85,2224.9,2224.85,2224.9,5,2224.9,4
5 secs,RELIANCE,1624354810,2224.05,2224.5,2224.05,2224.35,138,2224.35,4
5 secs,RELIANCE,1624354815,2224.35,2224.35,2223.85,2223.95,109,2224.05,3
5 secs,RELIANCE,1624354820,2223.2,2223.6,2223.05,2223.15,300,2223.05,5
5 secs,RELIANCE,1624354825,2223.55,2223.6,2222.35,2222.35,186,2223.25,5
5 secs,RELIANCE,1624354830,2222.95,2222.95,2222.0,2222.65,95,2222.7,4
5 secs,RELIANCE,1624354835,2222.8,2222.95,2222.0,2222.65,272,2222.8,5
5 secs,RELIANCE,1624354840,2222.95,2222.95,2222.65,2222.9,34,2222.65,5
5 secs,RELIANCE,1624354845,2222.65,2222.8,2222.65,2222.8,83,2222.75,6
5 secs,RELIANCE,1624354850,2223.45,2223.45,2222.6,2222.6,136,2222.65,4
5 secs,RELIANCE,1624354855,2223.2,2223.35,2223.05,2223.35,83,2223.2,4
5 secs,RELIANCE,1624354860,2224.0,2224.3,2224.0,2224.15,87,2224.05,4
5 secs,RELIANCE,1624354865,2224.1,2224.15,2224.0,2224.0,157,2224.1,4
5 secs,RELIANCE,1624354870,2224.25,2224.25,2223.55,2224.0,90,2223.9,5
5 secs,RELIANCE,1624354875,2224.3,2225.0,2224.2,2225.0,30,2224.5,5
5 secs,RELIANCE,1624354880,2224.5,2224.95,2224.5,2224.75,15,2224.6,5
5 secs,RELIANCE,1624354885,2224.9,2224.95,2224.75,2224.75,238,2224.9,4
5 secs,RELIANCE,1624354890,2224.95,2224.95,2223.0,2223.0,28,2223.45,5
5 secs,RELIANCE,1624354895,2223.0,2223.0,2222.1,2222.5,34,2222.8,5
5 secs,RELIANCE,1624354900,2222.55,2222.55,2222.1,2222.2,83,2222.3,5
5 secs,RELIANCE,1624354905,2222.4,2223.0,2222.35,2223.0,82,2222.35,5
5 secs,RELIANCE,1624354910,2223.0,2223.85,2222.35,2223.85,19,2223.15,5
5 secs,RELIANCE,1624354915,2223.0,2223.8,2223.0,2223.05,72,2223.1,5
5 secs,RELIANCE,1624354920,2223.9,2224.0,2223.45,2224.0,296,2223.55,5
5 secs,RELIANCE,1624354925,2224.0,2224.0,2223.8,2223.8,10,2223.95,5
5 secs,RELIANCE,1624354930,2223.9,2223.9,2223.7,2223.7,323,2223.75,5
5 secs,RELIANCE,1624354935,2223.75,2224.4,2223.75,2224.0,128,2224.35,5
5 secs,RELIANCE,1624354940,2224.35,2224.55,2224.0,2224.0,139,2224.1,5
5 secs,RELIANCE,1624354945,2224.5,2224.5,2223.8,2224.5,159,2224.4,5
5 secs,RELIANCE,1624354950,2224.5,2224.8,2224.5,2224.5,178,2224.55,4
5 secs,RELIANCE,1624354955,2224.5,2224.5,2224.25,2224.25,182,2224.3,4
5 secs,RELIANCE,1624354960,2224.25,2224.25,2224.0,2224.05,38,2224.1,4
5 secs,RELIANCE,1624354965,2224.15,2225.5,2224.15,2225.5,20,2225.1,4
5 secs,RELIANCE,1624354970,2225.15,2226.3,2225.15,2226.3,47,2225.5,5
5 secs,RELIANCE,1624354975,2226.3,2226.3,2226.3,2226.3,16,2226.3,5
5 secs,RELIANCE,1624354980,2226.2,2226.3,2226.2,2226.3,29,2226.3,5
5 secs,RELIANCE,1624354985,2226.05,2226.25,2226.05,2226.25,42,2226.2,5
5 secs,RELIANCE,1624354990,2226.25,2226.25,2225.95,2225.95,167,2226.1,5
5 secs,RELIANCE,1624354995,2226.25,2226.3,2226.25,2226.3,151,2226.25,5
5 secs,RELIANCE,1624355000,2226.3,2226.3,2226.25,2226.3,58,2226.25,5
5 secs,RELIANCE,1624355005,2226.3,2226.3,2226.25,2226.25,149,2226.3,4
5 secs,RELIANCE,1624355010,2226.15,2226.3,2226.15,2226.2,73,2226.25,5
5 secs,RELIANCE,1624355015,2226.3,2226.4,2226.25,2226.4,71,2226.35,4
5 secs,RELIANCE,1624355020,2226.35,2226.4,2226.35,2226.4,277,2226.4,5
5 secs,RELIANCE,1624355025,2226.4,2226.95,2226.4,2226.95,18,2226.65,5
5 secs,RELIANCE,1624355030,2227.0,2227.8,2227.0,2227.8,4,2227.2,4
5 secs,RELIANCE,1624355035,2227.75,2228.0,2227.75,2228.0,43,2228.0,4
5 secs,RELIANCE,1624355040,2228.0,2228.25,2228.0,2228.25,32,2228.05,5
5 secs,RELIANCE,1624355045,2228.25,2228.25,2228.15,2228.15,52,2228.25,5
5 secs,RELIANCE,1624355050,2228.0,2228.2,2227.9,2228.2,444,2227.9,5
5 secs,RELIANCE,1624355055,2227.85,2228.15,2227.85,2228.15,669,2227.85,4
5 secs,RELIANCE,1624355060,2228.15,2228.15,2227.45,2227.7,120,2227.95,5
5 secs,RELIANCE,1624355065,2227.45,2227.85,2227.45,2227.85,121,2227.65,5
5 secs,RELIANCE,1624355070,2228.0,2228.7,2228.0,2228.7,126,2228.45,5
5 secs,RELIANCE,1624355075,2228.65,2228.65,2228.6,2228.65,70,2228.65,4
5 secs,RELIANCE,1624355080,2228.7,2229.35,2228.7,2229.0,40,2229.15,5
5 secs,RELIANCE,1624355085,2229.0,2229.4,2229.0,2229.4,18,2229.15,5
5 secs,RELIANCE,1624355090,2229.0,2229.5,2229.0,2229.1,67,2229.1,4
5 secs,RELIANCE,1624355095,2229.5,2229.5,2229.4,2229.4,207,2229.5,4
5 secs,RELIANCE,1624355100,2228.9,2229.3,2228.9,2229.3,84,2229.0,5
5 secs,RELIANCE,1624355105,2229.3,2229.3,2229.0,2229.3,165,2229.1,5
5 secs,RELIANCE,1624355110,2229.3,2229.3,2228.75,2229.2,156,2228.8,5
5 secs,RELIANCE,1624355115,2228.75,2229.0,2228.6,2228.6,66,2228.65,4
5 secs,RELIANCE,1624355120,2228.6,2228.6,2228.05,2228.05,38,2228.45,6
5 secs,RELIANCE,1624355125,2228.05,2228.05,2227.9,2227.9,277,2228.0,5
5 secs,RELIANCE,1624355130,2227.9,2227.95,2227.8,2227.8,320,2227.9,5
5 secs,RELIANCE,1624355135,2227.8,2227.8,2227.2,2227.2,48,2227.5,4
5 secs,RELIANCE,1624355140,2227.0,2227.35,2227.0,2227.05,165,2227.2,4
5 secs,RELIANCE,1624355145,2227.05,2227.15,2226.8,2227.0,78,2227.0,5
5 secs,RELIANCE,1624355150,2227.0,2227.0,2226.7,2226.9,50,2226.85,4
5 secs,RELIANCE,1624355155,2226.55,2226.95,2226.55,2226.9,70,2226.8,6
5 secs,RELIANCE,1624355160,2226.8,2226.8,2225.85,2226.35,82,2226.25,5
5 secs,RELIANCE,1624355165,2226.35,2226.35,2225.45,2225.45,307,2225.5,5
5 secs,RELIANCE,1624355170,2225.05,2225.4,2225.05,2225.35,96,2225.3,4
5 secs,RELIANCE,1624355175,2225.3,2225.3,2224.95,2224.95,36,2225.2,5
5 secs,RELIANCE,1624355180,2224.65,2224.95,2224.6,2224.95,45,2224.75,5
5 secs,RELIANCE,1624355185,2224.95,2225.4,2224.5,2225.05,80,2225.0,5
5 secs,RELIANCE,1624355190,2225.4,2226.4,2225.4,2226.4,224,2225.75,5
5 secs,RELIANCE,1624355195,2226.25,2226.45,2226.1,2226.1,135,2226.15,4
5 secs,RELIANCE,1624355200,2226.15,2226.15,2225.95,2225.95,11,2226.0,4
5 secs,RELIANCE,1624355205,2225.95,2225.95,2225.0,2225.5,251,2225.05,5
5 secs,RELIANCE,1624355210,2224.15,2224.9,2224.1,2224.9,194,2224.25,5
5 secs,RELIANCE,1624355215,2224.9,2224.95,2224.9,2224.95,14,2224.95,4
5 secs,RELIANCE,1624355220,2224.35,2224.9,2224.35,2224.9,267,2224.4,5
5 secs,RELIANCE,1624355225,2224.75,2224.75,2224.55,2224.55,88,2224.75,5
5 secs,RELIANCE,1624355230,2224.5,2224.6,2224.35,2224.6,106,2224.5,6
5 secs,RELIANCE,1624355235,2224.6,2224.7,2224.6,2224.6,731,2224.6,4
5 secs,RELIANCE,1624355240,2224.45,2224.65,2224.45,2224.6,291,2224.55,5
5 secs,RELIANCE,1624355245,2224.6,2224.6,2224.05,2224.55,99,2224.4,4
5 secs,RELIANCE,1624355250,2224.0,2224.55,2224.0,2224.55,22,2224.2,5
5 secs,RELIANCE,1624355255,2224.45,2225.0,2224.45,2224.65,97,2224.55,6
5 secs,RELIANCE,1624355260,2224.65,2224.95,2224.6,2224.6,86,2224.75,4
5 secs,RELIANCE,1624355265,2224.5,2224.55,2224.35,2224.35,21,2224.45,4
5 secs,RELIANCE,1624355270,2224.35,2224.35,2224.1,2224.3,22,2224.25,5
5 secs,RELIANCE,1624355275,2224.15,2224.35,2224.0,2224.0,76,2224.05,4
5 secs,RELIANCE,1624355280,2224.5,2224.95,2224.5,2224.7,402,2224.85,5
5 secs,RELIANCE,1624355285,2224.7,2224.7,2224.65,2224.65,242,2224.7,4
5 secs,RELIANCE,1624355290,2224.3,2224.3,2224.2,2224.2,37,2224.3,4
5 secs,RELIANCE,1624355295,2224.3,2224.3,2224.2,2224.3,146,2224.3,4
5 secs,RELIANCE,1624355300,2224.3,2224.3,2223.45,2224.25,133,2223.85,5
5 secs,RELIANCE,1624355305,2224.1,2224.3,2223.9,2223.9,36,2224.2,4
5 secs,RELIANCE,1624355310,2224.2,2224.2,2223.05,2223.05,8,2223.7,5
5 secs,RELIANCE,1624355315,2223.9,2223.9,2223.0,2223.0,261,2223.2,5
5 secs,RELIANCE,1624355320,2223.4,2223.9,2223.4,2223.65,225,2223.65,6
5 secs,RELIANCE,1624355325,2223.0,2223.0,2222.45,2222.5,14,2222.65,4
5 secs,RELIANCE,1624355330,2222.1,2222.45,2222.1,2222.45,20,2222.2,4
5 secs,RELIANCE,1624355335,2222.45,2222.45,2222.35,2222.35,191,2222.35,5
5 secs,RELIANCE,1624355340,2222.35,2222.35,2222.05,2222.35,67,2222.2,5
5 secs,RELIANCE,1624355345,2222.05,2222.15,2222.05,2222.05,57,2222.05,4
5 secs,RELIANCE,1624355350,2222.0,2222.1,2222.0,2222.1,126,2222.1,5
5 secs,RELIANCE,1624355355,2221.9,2221.9,2221.15,2221.7,50,2221.5,5
5 secs,RELIANCE,1624355360,2221.6,2221.6,2221.1,2221.55,152,2221.15,5
5 secs,RELIANCE,1624355365,2221.05,2221.2,2221.05,2221.15,172,2221.1,5
5 secs,RELIANCE,1624355370,2221.2,2221.2,2221.0,2221.1,35,2221.1,4
5 secs,RELIANCE,1624355375,2221.2,2221.85,2221.2,2221.85,481,2221.3,5
5 secs,RELIANCE,1624355380,2221.85,2221.9,2221.2,2221.2,22,2221.55,4
5 secs,RELIANCE,1624355385,2221.85,2221.85,2221.75,2221.75,11,2221.8,4
5 secs,RELIANCE,1624355390,2221.8,2221.95,2221.75,2221.9,305,2221.95,4
5 secs,RELIANCE,1624355395,2221.9,2222.05,2221.9,2222.05,289,2222.05,4
5 secs,RELIANCE,1624355400,2222.0,2222.0,2221.95,2221.95,7,2221.95,3
5 secs,RELIANCE,1624355405,2221.85,2222.0,2221.85,2222.0,107,2222.0,5
5 secs,RELIANCE,1624355410,2222.0,2222.35,2222.0,2222.15,414,2222.1,5
5 secs,RELIANCE,1624355415,2222.05,2222.5,2222.05,2222.45,12,2222.15,4
5 secs,RELIANCE,1624355420,2222.45,2223.5,2222.45,2223.5,33,2222.85,5
5 secs,RELIANCE,1624355425,2222.9,2222.9,2222.05,2222.05,109,2222.75,4
5 secs,RELIANCE,1624355430,2222.75,2222.75,2222.0,2222.05,397,2222.05,5
5 secs,RELIANCE,1624355435,2222.0,2222.05,2221.55,2221.6,168,2221.7,5
5 secs,RELIANCE,1624355440,2221.25,2221.8,2220.95,2220.95,57,2221.25,4
5 secs,RELIANCE,1624355445,2220.55,2220.55,2220.35,2220.35,22,2220.5,4
5 secs,RELIANCE,1624355450,2220.35,2221.8,2220.35,2221.8,44,2221.25,5
5 secs,RELIANCE,1624355455,2221.75,2221.75,2221.55,2221.75,225,2221.55,5
5 secs,RELIANCE,1624355460,2221.7,2221.7,2221.65,2221.7,41,2221.7,4
5 secs,RELIANCE,1624355465,2221.7,2221.85,2221.55,2221.85,222,2221.85,5
5 secs,RELIANCE,1624355470,2221.85,2221.85,2221.7,2221.85,307,2221.85,5
5 secs,RELIANCE,1624355475,2221.45,2222.05,2221.05,2221.9,852,2221.45,6
5 secs,RELIANCE,1624355480,2221.45,2221.45,2221.1,2221.1,4,2221.35,4
5 secs,RELIANCE,1624355485,2221.1,2221.1,2219.4,2220.65,37,2220.6,5
5 secs,RELIANCE,1624355490,2219.8,2220.4,2219.65,2220.1,99,2219.85,5
5 secs,RELIANCE,1624355495,2220.4,2220.45,2219.8,2219.9,66,2220.15,4
5 secs,RELIANCE,1624355500,2220.6,2221.0,2220.5,2220.65,140,2220.7,5
5 secs,RELIANCE,1624355505,2221.05,2221.05,2220.95,2220.95,204,2221.0,4
5 secs,RELIANCE,1624355510,2221.0,2221.55,2220.9,2221.55,261,2221.45,5
5 secs,RELIANCE,1624355515,2222.0,2222.05,2221.5,2222.05,12,2222.0,4
5 secs,RELIANCE,1624355520,2221.9,2222.0,2221.9,2221.9,34,2221.95,5
5 secs,RELIANCE,1624355525,2222.0,2222.05,2221.95,2222.0,77,2222.0,5
5 secs,RELIANCE,1624355530,2222.05,2222.3,2222.05,2222.3,130,2222.25,4
5 secs,RELIANCE,1624355535,2222.05,2222.3,2222.05,2222.25,88,2222.25,5
5 secs,RELIANCE,1624355540,2222.35,2222.35,2222.1,2222.35,134,2222.25,5
5 secs,RELIANCE,1624355545,2222.35,2222.95,2222.35,2222.95,28,2222.95,4
5 secs,RELIANCE,1624355550,2222.95,2223.0,2222.95,2223.0,15,2222.95,5
5 secs,RELIANCE,1624355555,2222.95,2223.05,2222.85,2223.05,294,2222.95,5
5 secs,RELIANCE,1624355560,2223.0,2223.05,2223.0,2223.0,52,2223.05,5
5 secs,RELIANCE,1624355565,2223.05,2223.05,2222.9,2223.05,295,2222.9,5
5 secs,RELIANCE,1624355570,2223.05,2223.05,2223.0,2223.05,19,2223.0,4
5 secs,RELIANCE,1624355575,2223.0,2223.0,2222.9,2223.0,365,2222.9,5
5 secs,RELIANCE,1624355580,2223.0,2223.0,2223.0,2223.0,46,2223.0,5
5 secs,RELIANCE,1624355585,2223.05,2223.05,2223.0,2223.0,40,2223.0,5
5 secs,RELIANCE,1624355590,2223.0,2223.0,2222.95,2222.95,57,2222.95,5
5 secs,RELIANCE,1624355595,2222.9,2223.1,2222.9,2223.1,74,2223.0,5
5 secs,RELIANCE,1624355600,2223.8,2223.8,2222.85,2222.95,43,2223.1,5
5 secs,RELIANCE,1624355605,2222.95,2223.2,2222.95,2223.15,196,2223.05,5
5 secs,RELIANCE,1624355610,2223.2,2223.85,2223.15,2223.85,30,2223.3,5
5 secs,RELIANCE,1624355615,2223.15,2223.95,2223.15,2223.95,385,2223.85,4
5 secs,RELIANCE,1624355620,2223.95,2223.95,2223.55,2223.55,39,2223.85,5
5 secs,RELIANCE,1624355625,2223.55,2224.3,2223.55,2224.3,29,2223.95,4
5 secs,RELIANCE,1624355630,2224.35,2224.45,2224.2,2224.2,486,2224.35,5
5 secs,RELIANCE,1624355635,2224.3,2224.35,2224.2,2224.2,31,2224.3,5
5 secs,RELIANCE,1624355640,2224.2,2224.45,2224.1,2224.45,150,2224.15,5
5 secs,RELIANCE,1624355645,2224.25,2224.25,2223.7,2223.8,93,2224.2,5
5 secs,RELIANCE,1624355650,2223.8,2223.85,2223.55,2223.85,31,2223.65,4
5 secs,RELIANCE,1624355655,2223.85,2223.85,2223.25,2223.25,67,2223.75,4
5 secs,RELIANCE,1624355660,2223.25,2223.85,2223.2,2223.65,58,2223.6,5
5 secs,RELIANCE,1624355665,2223.8,2223.8,2223.15,2223.65,80,2223.6,5
5 secs,RELIANCE,1624355670,2223.65,2223.65,2223.35,2223.4,86,2223.4,4
5 secs,RELIANCE,1624355675,2223.45,2223.65,2223.45,2223.45,46,2223.55,5
5 secs,RELIANCE,1624355680,2223.6,2223.6,2223.45,2223.45,22,2223.5,5
5 secs,RELIANCE,1624355685,2223.4,2223.4,2223.3,2223.3,44,2223.35,4
5 secs,RELIANCE,1624355690,2223.2,2223.55,2223.2,2223.5,62,2223.4,5
5 secs,RELIANCE,1624355695,2223.5,2223.55,2223.5,2223.5,72,2223.5,4
5 secs,RELIANCE,1624355700,2223.55,2223.75,2223.5,2223.75,102,2223.55,4
5 secs,RELIANCE,1624355705,2223.65,2223.65,2223.65,2223.65,266,2223.65,4
5 secs,RELIANCE,1624355710,2223.65,2223.7,2223.65,2223.7,70,2223.7,5
5 secs,RELIANCE,1624355715,2223.7,2223.75,2223.6,2223.75,32,2223.65,4
5 secs,RELIANCE,1624355720,2223.75,2223.9,2223.5,2223.9,161,2223.65,5
5 secs,RELIANCE,1624355725,2223.9,2223.9,2223.65,2223.85,54,2223.9,5
5 secs,RELIANCE,1624355730,2223.8,2223.8,2223.65,2223.65,184,2223.75,5
5 secs,RELIANCE,1624355735,2223.8,2223.8,2223.7,2223.8,202,2223.75,5
5 secs,RELIANCE,1624355740,2223.7,2223.7,2223.6,2223.6,261,2223.7,5
5 secs,RELIANCE,1624355745,2223.55,2223.55,2223.1,2223.1,25,2223.25,4
5 secs,RELIANCE,1624355750,2223.0,2223.0,2222.9,2223.0,456,2223.0,6
5 secs,RELIANCE,1624355755,2222.9,2222.95,2222.6,2222.95,82,2222.85,4
5 secs,RELIANCE,1624355760,2222.95,2222.95,2222.85,2222.85,33,2222.9,5
5 secs,RELIANCE,1624355765,2222.75,2222.75,2222.05,2222.35,49,2222.4,6
5 secs,RELIANCE,1624355770,2222.35,2222.35,2222.05,2222.3,22,2222.25,4
5 secs,RELIANCE,1624355775,2222.05,2222.3,2222.05,2222.25,243,2222.2,4
5 secs,RELIANCE,1624355780,2222.1,2222.35,2222.1,2222.25,128,2222.2,5
5 secs,RELIANCE,1624355785,2222.35,2222.35,2222.35,2222.35,41,2222.35,4
5 secs,RELIANCE,1624355790,2222.9,2223.0,2222.65,2222.65,84,2222.75,4
5 secs,RELIANCE,1624355795,2222.65,2222.95,2222.65,2222.7,264,2222.95,4
5 secs,RELIANCE,1624355800,2222.7,2222.7,2222.65,2222.65,59,2222.65,5
5 secs,RELIANCE,1624355805,2222.65,2222.65,2222.5,2222.55,34,2222.55,5
5 secs,RELIANCE,1624355810,2222.7,2222.85,2222.55,2222.85,289,2222.7,5
5 secs,RELIANCE,1624355815,2222.85,2222.9,2222.85,2222.9,39,2222.9,4
5 secs,RELIANCE,1624355820,2222.8,2222.9,2222.7,2222.7,26,2222.75,4
5 secs,RELIANCE,1624355825,2222.7,2222.7,2222.6,2222.6,53,2222.65,5
5 secs,RELIANCE,1624355830,2222.7,2222.75,2222.45,2222.45,25,2222.6,4
5 secs,RELIANCE,1624355835,2222.45,2222.5,2222.25,2222.25,147,2222.3,5
5 secs,RELIANCE,1624355840,2222.25,2222.5,2222.25,2222.5,367,2222.45,5
5 secs,RELIANCE,1624355845,2222.5,2222.5,2222.45,2222.5,48,2222.5,5
5 secs,RELIANCE,1624355850,2222.5,2222.5,2222.05,2222.05,29,2222.2,5
5 secs,RELIANCE,1624355855,2222.5,2222.5,2222.3,2222.35,19,2222.4,5
5 secs,RELIANCE,1624355860,2222.55,2222.55,2222.1,2222.1,346,2222.35,4
5 secs,RELIANCE,1624355865,2222.0,2222.55,2222.0,2222.5,313,2222.2,5
5 secs,RELIANCE,1624355870,2222.1,2223.0,2222.1,2223.0,152,2222.1,4
5 secs,RELIANCE,1624355875,2223.0,2223.0,2222.1,2223.0,69,2222.85,6
5 secs,RELIANCE,1624355880,2222.55,2223.0,2222.4,2222.4,46,2222.5,4
5 secs,RELIANCE,1624355885,2222.95,2222.95,2222.25,2222.25,47,2222.7,4
5 secs,RELIANCE,1624355890,2222.95,2223.0,2222.55,2222.55,370,2222.95,4
5 secs,RELIANCE,1624355895,2222.9,2223.0,2222.65,2222.65,69,2222.8,4
5 secs,RELIANCE,1624355900,2222.8,2223.0,2222.55,2223.0,129,2222.65,4
5 secs,RELIANCE,1624355905,2222.55,2222.95,2222.55,2222.8,34,2222.7,4
5 secs,RELIANCE,1624355910,2222.95,2222.95,2222.55,2222.8,183,2222.55,4
5 secs,RELIANCE,1624355915,2222.9,2223.0,2222.85,2223.0,130,2223.0,6
5 secs,RELIANCE,1624355920,2222.8,2223.0,2222.8,2223.0,19,2223.0,4
5 secs,RELIANCE,1624355925,2222.7,2223.3,2222.7,2223.1,186,2223.25,5
5 secs,RELIANCE,1624355930,2223.6,2224.2,2223.55,2224.2,152,2223.55,4
5 secs,RELIANCE,1624355935,2224.2,2224.35,2224.0,2224.2,52,2224.2,5
5 secs,RELIANCE,1624355940,2224.0,2224.2,2223.55,2224.0,60,2223.85,5
5 secs,RELIANCE,1624355945,2223.45,2224.0,2223.45,2224.0,79,2224.0,3
5 secs,RELIANCE,1624355950,2223.1,2223.85,2223.1,2223.85,136,2223.4,5
5 secs,RELIANCE,1624355955,2223.85,2223.95,2223.15,2223.15,72,2223.3,3
5 secs,RELIANCE,1624355960,2224.0,2224.2,2223.2,2223.45,150,2223.55,6
5 secs,RELIANCE,1624355965,2223.15,2224.2,2223.15,2224.2,20,2223.6,4
5 secs,RELIANCE,1624355970,2224.0,2224.8,2224.0,2224.0,304,2224.05,5
5 secs,RELIANCE,1624355975,2225.0,2225.0,2224.3,2225.0,71,2224.75,4
5 secs,RELIANCE,1624355980,2225.0,2225.0,2224.2,2225.0,49,2224.95,4
5 secs,RELIANCE,1624355985,2224.95,2225.5,2224.95,2225.0,99,2225.0,4
5 secs,RELIANCE,1624355990,2226.0,2226.0,2225.0,2225.0,138,2225.1,5
5 secs,RELIANCE,1624355995,2224.55,2225.95,2224.55,2225.0,33,2225.0,6
